fromNode,toNode,weight,direction
Met_neg_05,Met_neg_06,0.030427508390706657,undirected
Met_neg_05,Met_neg_1335,0.05029467671693974,undirected
Met_neg_05,Met_neg_1693,0.022571790859728273,undirected
Met_neg_05,Met_neg_1798,0.05198199808559492,undirected
Met_neg_05,Met_neg_187,0.02449253482344843,undirected
Met_neg_05,Met_pos_1247,0.028497424706622726,undirected
Met_neg_05,Met_pos_137,0.038724199088098904,undirected
Met_neg_05,Met_pos_1841,0.056622380765062,undirected
Met_neg_05,Met_pos_203,0.020452203494244557,undirected
Met_neg_05,Met_pos_235,0.02095948674979364,undirected
Met_neg_05,Met_pos_2466,0.03807590760576536,undirected
Met_neg_05,Met_pos_2480,0.04389479183802503,undirected
Met_neg_05,Met_pos_2482,0.023191351937508476,undirected
Met_neg_05,Met_pos_2493,0.05651165483261578,undirected
Met_neg_05,Met_pos_2702,0.03807590760576536,undirected
Met_neg_05,Met_pos_2707,0.023819736560921942,undirected
Met_neg_06,Met_neg_1335,0.043656454882710825,undirected
Met_neg_06,Met_neg_1798,0.04144755831410752,undirected
Met_neg_06,Met_neg_187,0.022726519161998547,undirected
Met_neg_06,Met_pos_1247,0.023477954634370003,undirected
Met_neg_06,Met_pos_137,0.027620420202843603,undirected
Met_neg_06,Met_pos_1841,0.04622749835911317,undirected
Met_neg_06,Met_pos_1995,0.029026354450828986,undirected
Met_neg_06,Met_pos_2159,0.02257034774097662,undirected
Met_neg_06,Met_pos_235,0.023011059522389816,undirected
Met_neg_06,Met_pos_2466,0.023455621836160682,undirected
Met_neg_06,Met_pos_2480,0.036117124303002596,undirected
Met_neg_06,Met_pos_2493,0.04514785748611888,undirected
Met_neg_06,Met_pos_2702,0.023455621836160682,undirected
Met_neg_121,Met_neg_1335,0.05861063675497267,undirected
Met_neg_121,Met_neg_1693,0.03501688481060232,undirected
Met_neg_121,Met_neg_1798,0.04822574988444896,undirected
Met_neg_121,Met_neg_1851,0.023916976254444906,undirected
Met_neg_121,Met_neg_2150,0.038796994854417094,undirected
Met_neg_121,Met_neg_271,0.029126786322980516,undirected
Met_neg_121,Met_pos_1142,0.027142445425542727,undirected
Met_neg_121,Met_pos_1247,0.03254750710403387,undirected
Met_neg_121,Met_pos_137,0.025391224095581897,undirected
Met_neg_121,Met_pos_1796,0.03834186832510465,undirected
Met_neg_121,Met_pos_1841,0.05226996169902125,undirected
Met_neg_121,Met_pos_203,0.04775575889663868,undirected
Met_neg_121,Met_pos_2159,0.02439549598334866,undirected
Met_neg_121,Met_pos_235,0.02741544272413203,undirected
Met_neg_121,Met_pos_2466,0.023606875775866325,undirected
Met_neg_121,Met_pos_2480,0.04466591163704042,undirected
Met_neg_121,Met_pos_2493,0.049350099206501234,undirected
Met_neg_121,Met_pos_264,0.02295284024750075,undirected
Met_neg_121,Met_pos_2702,0.023606875775866325,undirected
Met_neg_121,Met_pos_2707,0.02116674207195952,undirected
Met_neg_129,Met_neg_1335,0.055797813332512186,undirected
Met_neg_129,Met_neg_1693,0.03377618840878972,undirected
Met_neg_129,Met_neg_1798,0.05223077994087112,undirected
Met_neg_129,Met_neg_1851,0.022359067834901082,undirected
Met_neg_129,Met_neg_2152,0.02694774034058083,undirected
Met_neg_129,Met_neg_271,0.02463233764430632,undirected
Met_neg_129,Met_pos_1247,0.04029303906457953,undirected
Met_neg_129,Met_pos_137,0.04156346617697132,undirected
Met_neg_129,Met_pos_1841,0.06165872416583233,undirected
Met_neg_129,Met_pos_203,0.023501534059547597,undirected
Met_neg_129,Met_pos_2159,0.025380857186013166,undirected
Met_neg_129,Met_pos_2466,0.022713592237270985,undirected
Met_neg_129,Met_pos_2480,0.05331073960821593,undirected
Met_neg_129,Met_pos_2493,0.057793090947076776,undirected
Met_neg_129,Met_pos_2702,0.022713592237270985,undirected
Met_neg_129,Met_pos_2707,0.03332690243762021,undirected
Met_neg_1311,Met_neg_1335,0.04763878344263098,undirected
Met_neg_1311,Met_neg_1466,0.02275288024675506,undirected
Met_neg_1311,Met_neg_1798,0.04562759871382163,undirected
Met_neg_1311,Met_neg_271,0.046478043748261685,undirected
Met_neg_1311,Met_pos_1247,0.032274711971713964,undirected
Met_neg_1311,Met_pos_137,0.02850961154804216,undirected
Met_neg_1311,Met_pos_1763,0.022490286537343578,undirected
Met_neg_1311,Met_pos_1841,0.06401893551222823,undirected
Met_neg_1311,Met_pos_2159,0.05649623868774196,undirected
Met_neg_1311,Met_pos_235,0.020405730615875937,undirected
Met_neg_1311,Met_pos_2466,0.025632828279102113,undirected
Met_neg_1311,Met_pos_2480,0.059412536661418734,undirected
Met_neg_1311,Met_pos_2493,0.05789852365970326,undirected
Met_neg_1311,Met_pos_2702,0.025632828279102113,undirected
Met_neg_1311,Met_pos_2707,0.02203243023916407,undirected
Met_neg_1335,Met_neg_1466,0.0660066724140612,undirected
Met_neg_1335,Met_neg_1477,0.06853197750916828,undirected
Met_neg_1335,Met_neg_1604,0.0641099717151745,undirected
Met_neg_1335,Met_neg_1693,0.09483188697581126,undirected
Met_neg_1335,Met_neg_1795,0.05610905898010141,undirected
Met_neg_1335,Met_neg_1798,0.15324707274595,undirected
Met_neg_1335,Met_neg_1851,0.06814437299369201,undirected
Met_neg_1335,Met_neg_187,0.05633920630492598,undirected
Met_neg_1335,Met_neg_2102,0.051984355155142034,undirected
Met_neg_1335,Met_neg_2150,0.07226368847565862,undirected
Met_neg_1335,Met_neg_2152,0.08362346990240195,undirected
Met_neg_1335,Met_neg_271,0.07666592012761267,undirected
Met_neg_1335,Met_pos_10,0.1307603861775934,undirected
Met_neg_1335,Met_pos_1044,0.059703956155755286,undirected
Met_neg_1335,Met_pos_1047,0.06509613093234765,undirected
Met_neg_1335,Met_pos_1117,0.10666172128851827,undirected
Met_neg_1335,Met_pos_1142,0.10709321574987009,undirected
Met_neg_1335,Met_pos_1247,0.13470734955003957,undirected
Met_neg_1335,Met_pos_137,0.15167255281070277,undirected
Met_neg_1335,Met_pos_1434,0.02017683045221271,undirected
Met_neg_1335,Met_pos_146,0.027429267401774714,undirected
Met_neg_1335,Met_pos_1460,0.048932986109399994,undirected
Met_neg_1335,Met_pos_1560,0.08321647266890186,undirected
Met_neg_1335,Met_pos_1590,0.06027076765230394,undirected
Met_neg_1335,Met_pos_1684,0.05425518022978254,undirected
Met_neg_1335,Met_pos_1712,0.07024163123846915,undirected
Met_neg_1335,Met_pos_1763,0.033897597980884,undirected
Met_neg_1335,Met_pos_179,0.11296293269416086,undirected
Met_neg_1335,Met_pos_1796,0.11309716066939354,undirected
Met_neg_1335,Met_pos_1824,0.027429267401774714,undirected
Met_neg_1335,Met_pos_1841,0.16148835574253284,undirected
Met_neg_1335,Met_pos_1995,0.033253743488155164,undirected
Met_neg_1335,Met_pos_203,0.10495689717014398,undirected
Met_neg_1335,Met_pos_2159,0.07125377019620306,undirected
Met_neg_1335,Met_pos_216,0.05443025496300315,undirected
Met_neg_1335,Met_pos_2206,0.05210778565134229,undirected
Met_neg_1335,Met_pos_235,0.07174885971837174,undirected
Met_neg_1335,Met_pos_2371,0.052780873399039606,undirected
Met_neg_1335,Met_pos_239,0.04716971668797181,undirected
Met_neg_1335,Met_pos_2461,0.04105207172337536,undirected
Met_neg_1335,Met_pos_2466,0.11201240459167706,undirected
Met_neg_1335,Met_pos_2480,0.13119084031623146,undirected
Met_neg_1335,Met_pos_2482,0.052089757760818214,undirected
Met_neg_1335,Met_pos_249,0.10391945846182378,undirected
Met_neg_1335,Met_pos_2493,0.1521465132390617,undirected
Met_neg_1335,Met_pos_264,0.10072286032241201,undirected
Met_neg_1335,Met_pos_2702,0.11201240459167706,undirected
Met_neg_1335,Met_pos_2707,0.13444176026844123,undirected
Met_neg_1466,Met_neg_1798,0.06357630490251101,undirected
Met_neg_1466,Met_neg_2152,0.02114776724133487,undirected
Met_neg_1466,Met_neg_271,0.0700069341304374,undirected
Met_neg_1466,Met_pos_1117,0.020427361917199623,undirected
Met_neg_1466,Met_pos_1247,0.043570978399049366,undirected
Met_neg_1466,Met_pos_137,0.03687813927199229,undirected
Met_neg_1466,Met_pos_1796,0.02507397511279814,undirected
Met_neg_1466,Met_pos_1841,0.07955990226705681,undirected
Met_neg_1466,Met_pos_203,0.027796658623562388,undirected
Met_neg_1466,Met_pos_2159,0.07679239373340054,undirected
Met_neg_1466,Met_pos_235,0.02324074920421041,undirected
Met_neg_1466,Met_pos_2466,0.025448060416951034,undirected
Met_neg_1466,Met_pos_2480,0.07052995597424921,undirected
Met_neg_1466,Met_pos_2493,0.07041639684239158,undirected
Met_neg_1466,Met_pos_2702,0.025448060416951034,undirected
Met_neg_1466,Met_pos_2707,0.02911579701520945,undirected
Met_neg_1477,Met_neg_1693,0.08420375250518419,undirected
Met_neg_1477,Met_neg_1798,0.05986560218553171,undirected
Met_neg_1477,Met_neg_1851,0.07210850321025633,undirected
Met_neg_1477,Met_neg_2150,0.025499309318397976,undirected
Met_neg_1477,Met_neg_2152,0.0303605496444131,undirected
Met_neg_1477,Met_pos_10,0.023120594358554205,undirected
Met_neg_1477,Met_pos_1044,0.048034160122585594,undirected
Met_neg_1477,Met_pos_1142,0.02334471098630532,undirected
Met_neg_1477,Met_pos_1247,0.04081099730791371,undirected
Met_neg_1477,Met_pos_137,0.04273457370647115,undirected
Met_neg_1477,Met_pos_1796,0.04384690746704229,undirected
Met_neg_1477,Met_pos_1841,0.06146846556064296,undirected
Met_neg_1477,Met_pos_203,0.049555037417743926,undirected
Met_neg_1477,Met_pos_2466,0.0417123866618153,undirected
Met_neg_1477,Met_pos_2480,0.04628889631697843,undirected
Met_neg_1477,Met_pos_2493,0.06093826787300577,undirected
Met_neg_1477,Met_pos_264,0.030131395819442713,undirected
Met_neg_1477,Met_pos_2702,0.0417123866618153,undirected
Met_neg_1477,Met_pos_2707,0.03206471798266323,undirected
Met_neg_1604,Met_neg_1693,0.04366781449855915,undirected
Met_neg_1604,Met_neg_1798,0.06480031726465202,undirected
Met_neg_1604,Met_neg_1851,0.030275180995838005,undirected
Met_neg_1604,Met_pos_10,0.030520890081210957,undirected
Met_neg_1604,Met_pos_1044,0.025871268717043067,undirected
Met_neg_1604,Met_pos_1142,0.02150817995406688,undirected
Met_neg_1604,Met_pos_1247,0.027007472685594485,undirected
Met_neg_1604,Met_pos_137,0.05806079502998984,undirected
Met_neg_1604,Met_pos_1560,0.03128663931212145,undirected
Met_neg_1604,Met_pos_179,0.028489975452741494,undirected
Met_neg_1604,Met_pos_1796,0.02939815330731362,undirected
Met_neg_1604,Met_pos_1841,0.05650732337937375,undirected
Met_neg_1604,Met_pos_203,0.03712770286090649,undirected
Met_neg_1604,Met_pos_2466,0.05165634609630004,undirected
Met_neg_1604,Met_pos_2480,0.042061323716044346,undirected
Met_neg_1604,Met_pos_2493,0.05598490616776329,undirected
Met_neg_1604,Met_pos_2702,0.05165634609630004,undirected
Met_neg_1604,Met_pos_2707,0.03287792158503682,undirected
Met_neg_1693,Met_neg_1798,0.08406436735358937,undirected
Met_neg_1693,Met_neg_1851,0.09098786960143465,undirected
Met_neg_1693,Met_neg_187,0.021674537984018513,undirected
Met_neg_1693,Met_neg_2102,0.022709486788218516,undirected
Met_neg_1693,Met_neg_2150,0.04397997784236367,undirected
Met_neg_1693,Met_neg_2152,0.050266042526775266,undirected
Met_neg_1693,Met_neg_271,0.02921701179500926,undirected
Met_neg_1693,Met_pos_10,0.05372637073624538,undirected
Met_neg_1693,Met_pos_1044,0.06228643569602948,undirected
Met_neg_1693,Met_pos_1047,0.025616318352347702,undirected
Met_neg_1693,Met_pos_1117,0.03930988590602304,undirected
Met_neg_1693,Met_pos_1142,0.06828697347791209,undirected
Met_neg_1693,Met_pos_1247,0.05592331988395487,undirected
Met_neg_1693,Met_pos_137,0.05880198658258302,undirected
Met_neg_1693,Met_pos_1460,0.03344385355226557,undirected
Met_neg_1693,Met_pos_1560,0.03372344905506795,undirected
Met_neg_1693,Met_pos_1590,0.039048261146359384,undirected
Met_neg_1693,Met_pos_1684,0.03175143796951047,undirected
Met_neg_1693,Met_pos_1712,0.03339894665164268,undirected
Met_neg_1693,Met_pos_179,0.04732361788962932,undirected
Met_neg_1693,Met_pos_1796,0.0760807861398542,undirected
Met_neg_1693,Met_pos_1841,0.08490926867967563,undirected
Met_neg_1693,Met_pos_203,0.07693009789813837,undirected
Met_neg_1693,Met_pos_2159,0.023574442342810975,undirected
Met_neg_1693,Met_pos_216,0.023546278394567795,undirected
Met_neg_1693,Met_pos_235,0.026429083408731815,undirected
Met_neg_1693,Met_pos_239,0.02633510173875278,undirected
Met_neg_1693,Met_pos_2461,0.022705569339410658,undirected
Met_neg_1693,Met_pos_2466,0.0566788096613536,undirected
Met_neg_1693,Met_pos_2480,0.06753864255238529,undirected
Met_neg_1693,Met_pos_2482,0.038581951149484296,undirected
Met_neg_1693,Met_pos_249,0.05570050875910862,undirected
Met_neg_1693,Met_pos_2493,0.08236111795892341,undirected
Met_neg_1693,Met_pos_264,0.07538385301286223,undirected
Met_neg_1693,Met_pos_2702,0.0566788096613536,undirected
Met_neg_1693,Met_pos_2707,0.047936769232152864,undirected
Met_neg_1795,Met_neg_1798,0.053064660833828464,undirected
Met_neg_1795,Met_neg_2152,0.02139700074522352,undirected
Met_neg_1795,Met_pos_1247,0.04434335374749904,undirected
Met_neg_1795,Met_pos_137,0.03734795219611848,undirected
Met_neg_1795,Met_pos_1841,0.07192233611376517,undirected
Met_neg_1795,Met_pos_2159,0.028586866495595546,undirected
Met_neg_1795,Met_pos_2466,0.02765399505749313,undirected
Met_neg_1795,Met_pos_2480,0.05748269960678801,undirected
Met_neg_1795,Met_pos_2493,0.06973674401893112,undirected
Met_neg_1795,Met_pos_2702,0.02765399505749313,undirected
Met_neg_1795,Met_pos_2707,0.03385297733933856,undirected
Met_neg_1798,Met_neg_1851,0.05615601196029678,undirected
Met_neg_1798,Met_neg_187,0.057283979228564784,undirected
Met_neg_1798,Met_neg_2102,0.04859433979050381,undirected
Met_neg_1798,Met_neg_2150,0.06334088479077242,undirected
Met_neg_1798,Met_neg_2152,0.08259067226226532,undirected
Met_neg_1798,Met_neg_271,0.07214462425467329,undirected
Met_neg_1798,Met_pos_10,0.12930954027306904,undirected
Met_neg_1798,Met_pos_1044,0.05040470673338842,undirected
Met_neg_1798,Met_pos_1047,0.06389030015450839,undirected
Met_neg_1798,Met_pos_1117,0.10410400300580284,undirected
Met_neg_1798,Met_pos_1142,0.09390087985252517,undirected
Met_neg_1798,Met_pos_1247,0.12817012197789596,undirected
Met_neg_1798,Met_pos_137,0.15542335353901668,undirected
Met_neg_1798,Met_pos_146,0.028629848946196704,undirected
Met_neg_1798,Met_pos_1460,0.04515966111237227,undirected
Met_neg_1798,Met_pos_1560,0.09531225653033318,undirected
Met_neg_1798,Met_pos_1590,0.05117849338867598,undirected
Met_neg_1798,Met_pos_1684,0.04870039019643906,undirected
Met_neg_1798,Met_pos_1712,0.06669920881079965,undirected
Met_neg_1798,Met_pos_1763,0.030643312402799737,undirected
Met_neg_1798,Met_pos_179,0.12312847246996615,undirected
Met_neg_1798,Met_pos_1796,0.09915269899617637,undirected
Met_neg_1798,Met_pos_1824,0.028629848946196704,undirected
Met_neg_1798,Met_pos_1841,0.16849281256081036,undirected
Met_neg_1798,Met_pos_1995,0.030347434373961302,undirected
Met_neg_1798,Met_pos_203,0.0913033589557931,undirected
Met_neg_1798,Met_pos_2159,0.06721309080239665,undirected
Met_neg_1798,Met_pos_216,0.05404554520327483,undirected
Met_neg_1798,Met_pos_2206,0.05043316557214617,undirected
Met_neg_1798,Met_pos_235,0.06537098730069472,undirected
Met_neg_1798,Met_pos_2371,0.04904064665680517,undirected
Met_neg_1798,Met_pos_239,0.04628264779658865,undirected
Met_neg_1798,Met_pos_2461,0.043574566917172215,undirected
Met_neg_1798,Met_pos_2466,0.11431981558646347,undirected
Met_neg_1798,Met_pos_2480,0.13610278630062214,undirected
Met_neg_1798,Met_pos_2482,0.04755171997513425,undirected
Met_neg_1798,Met_pos_249,0.0999583765287888,undirected
Met_neg_1798,Met_pos_2493,0.1598200382864039,undirected
Met_neg_1798,Met_pos_264,0.0864570442441909,undirected
Met_neg_1798,Met_pos_2702,0.11431981558646347,undirected
Met_neg_1798,Met_pos_2707,0.13336457811987731,undirected
Met_neg_1851,Met_neg_2150,0.0284408620142773,undirected
Met_neg_1851,Met_neg_2152,0.027653264686392596,undirected
Met_neg_1851,Met_pos_10,0.03385725152119294,undirected
Met_neg_1851,Met_pos_1044,0.07333652171092456,undirected
Met_neg_1851,Met_pos_1117,0.021107015856611875,undirected
Met_neg_1851,Met_pos_1142,0.04796861327856393,undirected
Met_neg_1851,Met_pos_1247,0.038899144828049424,undirected
Met_neg_1851,Met_pos_137,0.03880867477793009,undirected
Met_neg_1851,Met_pos_1460,0.028490502498512635,undirected
Met_neg_1851,Met_pos_1590,0.030773651240446103,undirected
Met_neg_1851,Met_pos_1684,0.029130947405997847,undirected
Met_neg_1851,Met_pos_1712,0.025635188632241845,undirected
Met_neg_1851,Met_pos_179,0.02651772928811516,undirected
Met_neg_1851,Met_pos_1796,0.05789622299248355,undirected
Met_neg_1851,Met_pos_1841,0.053083992595050214,undirected
Met_neg_1851,Met_pos_203,0.06424520476403511,undirected
Met_neg_1851,Met_pos_216,0.02436114012586919,undirected
Met_neg_1851,Met_pos_235,0.020165522800180885,undirected
Met_neg_1851,Met_pos_2466,0.03419887502903451,undirected
Met_neg_1851,Met_pos_2480,0.04090875263481421,undirected
Met_neg_1851,Met_pos_2482,0.04824397760816199,undirected
Met_neg_1851,Met_pos_249,0.035722974467714254,undirected
Met_neg_1851,Met_pos_2493,0.05289922683720085,undirected
Met_neg_1851,Met_pos_264,0.06295564692543093,undirected
Met_neg_1851,Met_pos_2702,0.03419887502903451,undirected
Met_neg_1851,Met_pos_2707,0.027680912132327935,undirected
Met_neg_187,Met_neg_2150,0.021081153672967763,undirected
Met_neg_187,Met_neg_271,0.020817063620263802,undirected
Met_neg_187,Met_pos_1247,0.03267528378950673,undirected
Met_neg_187,Met_pos_137,0.04403289369332967,undirected
Met_neg_187,Met_pos_1841,0.06512510735419967,undirected
Met_neg_187,Met_pos_203,0.02000111128053756,undirected
Met_neg_187,Met_pos_2159,0.024391303150845506,undirected
Met_neg_187,Met_pos_2466,0.03766058528784259,undirected
Met_neg_187,Met_pos_2480,0.05103142517187909,undirected
Met_neg_187,Met_pos_2493,0.06398394044984751,undirected
Met_neg_187,Met_pos_2702,0.03766058528784259,undirected
Met_neg_187,Met_pos_2707,0.027062579863734938,undirected
Met_neg_2102,Met_pos_1117,0.022765012423073314,undirected
Met_neg_2102,Met_pos_1247,0.032056345493659495,undirected
Met_neg_2102,Met_pos_137,0.0351868406441498,undirected
Met_neg_2102,Met_pos_1796,0.02412038654692399,undirected
Met_neg_2102,Met_pos_1841,0.05542997443922244,undirected
Met_neg_2102,Met_pos_203,0.026931475820904164,undirected
Met_neg_2102,Met_pos_2466,0.030139642818694166,undirected
Met_neg_2102,Met_pos_2480,0.0446969085002259,undirected
Met_neg_2102,Met_pos_2493,0.053008956635519536,undirected
Met_neg_2102,Met_pos_2702,0.030139642818694166,undirected
Met_neg_2102,Met_pos_2707,0.02857358603374805,undirected
Met_neg_2150,Met_neg_2152,0.02667072838897153,undirected
Met_neg_2150,Met_neg_271,0.028937812913932662,undirected
Met_neg_2150,Met_pos_10,0.028597026607866755,undirected
Met_neg_2150,Met_pos_1044,0.020645431777957107,undirected
Met_neg_2150,Met_pos_1117,0.026062570759563947,undirected
Met_neg_2150,Met_pos_1142,0.04104244779983238,undirected
Met_neg_2150,Met_pos_1247,0.043081250608059944,undirected
Met_neg_2150,Met_pos_137,0.03744217341152767,undirected
Met_neg_2150,Met_pos_1590,0.023310733198113102,undirected
Met_neg_2150,Met_pos_1684,0.02449819057593695,undirected
Met_neg_2150,Met_pos_1796,0.04468693010933082,undirected
Met_neg_2150,Met_pos_1841,0.07220053130367896,undirected
Met_neg_2150,Met_pos_203,0.054432275022617126,undirected
Met_neg_2150,Met_pos_2159,0.028038904270417518,undirected
Met_neg_2150,Met_pos_235,0.02243844832770104,undirected
Met_neg_2150,Met_pos_2466,0.039329306980712915,undirected
Met_neg_2150,Met_pos_2480,0.06133438857943295,undirected
Met_neg_2150,Met_pos_249,0.029699988839134297,undirected
Met_neg_2150,Met_pos_2493,0.06939742748786276,undirected
Met_neg_2150,Met_pos_264,0.03734365148133788,undirected
Met_neg_2150,Met_pos_2702,0.039329306980712915,undirected
Met_neg_2150,Met_pos_2707,0.030875297571681847,undirected
Met_neg_2152,Met_neg_271,0.034466227365556844,undirected
Met_neg_2152,Met_pos_10,0.03654053575978202,undirected
Met_neg_2152,Met_pos_1117,0.03261166127448916,undirected
Met_neg_2152,Met_pos_1142,0.026586511254792278,undirected
Met_neg_2152,Met_pos_1247,0.053038105433687824,undirected
Met_neg_2152,Met_pos_137,0.06351696843135166,undirected
Met_neg_2152,Met_pos_1560,0.021722861351886863,undirected
Met_neg_2152,Met_pos_179,0.03910692028060731,undirected
Met_neg_2152,Met_pos_1796,0.03174610360763342,undirected
Met_neg_2152,Met_pos_1841,0.09784659755590258,undirected
Met_neg_2152,Met_pos_203,0.03840661511357547,undirected
Met_neg_2152,Met_pos_2159,0.03656142462009532,undirected
Met_neg_2152,Met_pos_235,0.022283241948607885,undirected
Met_neg_2152,Met_pos_2466,0.044474259275910845,undirected
Met_neg_2152,Met_pos_2480,0.07695494639060499,undirected
Met_neg_2152,Met_pos_249,0.03500043283468088,undirected
Met_neg_2152,Met_pos_2493,0.09228190299509732,undirected
Met_neg_2152,Met_pos_264,0.030483428679655,undirected
Met_neg_2152,Met_pos_2702,0.044474259275910845,undirected
Met_neg_2152,Met_pos_2707,0.04887963557251441,undirected
Met_neg_271,Met_pos_10,0.03189040805166109,undirected
Met_neg_271,Met_pos_1047,0.024523282032240436,undirected
Met_neg_271,Met_pos_1117,0.04511402493357282,undirected
Met_neg_271,Met_pos_1142,0.03368967143928345,undirected
Met_neg_271,Met_pos_1247,0.05448129259090038,undirected
Met_neg_271,Met_pos_137,0.043440232783300045,undirected
Met_neg_271,Met_pos_1763,0.030613700727284962,undirected
Met_neg_271,Met_pos_179,0.025873556190682705,undirected
Met_neg_271,Met_pos_1796,0.039766980199076984,undirected
Met_neg_271,Met_pos_1841,0.08962255987812434,undirected
Met_neg_271,Met_pos_203,0.03556458713873218,undirected
Met_neg_271,Met_pos_2159,0.07594017663162622,undirected
Met_neg_271,Met_pos_2206,0.030598097814246383,undirected
Met_neg_271,Met_pos_235,0.03722585541705105,undirected
Met_neg_271,Met_pos_2466,0.03222726275623205,undirected
Met_neg_271,Met_pos_2480,0.07986518287887392,undirected
Met_neg_271,Met_pos_249,0.037222597195422445,undirected
Met_neg_271,Met_pos_2493,0.07859078840736335,undirected
Met_neg_271,Met_pos_264,0.03426003964325246,undirected
Met_neg_271,Met_pos_2702,0.03222726275623205,undirected
Met_neg_271,Met_pos_2707,0.04346760322276327,undirected
Met_pos_10,Met_pos_1044,0.024336896982821207,undirected
Met_pos_10,Met_pos_1047,0.022207874423521404,undirected
Met_pos_10,Met_pos_1117,0.032728363196707355,undirected
Met_pos_10,Met_pos_1142,0.03841541069867361,undirected
Met_pos_10,Met_pos_1247,0.0729850583022226,undirected
Met_pos_10,Met_pos_137,0.10337163327475894,undirected
Met_pos_10,Met_pos_1560,0.03337715365295166,undirected
Met_pos_10,Met_pos_1590,0.029004773578755853,undirected
Met_pos_10,Met_pos_1684,0.020038433099735246,undirected
Met_pos_10,Met_pos_1712,0.023345761918666854,undirected
Met_pos_10,Met_pos_179,0.0454739922757967,undirected
Met_pos_10,Met_pos_1796,0.05157581734749926,undirected
Met_pos_10,Met_pos_1841,0.14170365966629064,undirected
Met_pos_10,Met_pos_203,0.06106274619354976,undirected
Met_pos_10,Met_pos_2159,0.033955143002889245,undirected
Met_pos_10,Met_pos_216,0.033826471616476596,undirected
Met_pos_10,Met_pos_235,0.02908649215917547,undirected
Met_pos_10,Met_pos_239,0.021888943807808474,undirected
Met_pos_10,Met_pos_2466,0.07365852672410077,undirected
Met_pos_10,Met_pos_2480,0.1069518480359075,undirected
Met_pos_10,Met_pos_2482,0.025339094236827616,undirected
Met_pos_10,Met_pos_249,0.032986246935595945,undirected
Met_pos_10,Met_pos_2493,0.13679678491867528,undirected
Met_pos_10,Met_pos_264,0.0342750623554784,undirected
Met_pos_10,Met_pos_2702,0.07365852672410077,undirected
Met_pos_10,Met_pos_2707,0.07392543879984037,undirected
Met_pos_1044,Met_pos_1142,0.029707615742800293,undirected
Met_pos_1044,Met_pos_1247,0.02862958259239119,undirected
Met_pos_1044,Met_pos_137,0.037576805296692634,undirected
Met_pos_1044,Met_pos_1434,0.020300011303607566,undirected
Met_pos_1044,Met_pos_1460,0.021093724394820067,undirected
Met_pos_1044,Met_pos_1712,0.027685474989984978,undirected
Met_pos_1044,Met_pos_1796,0.04543869034335375,undirected
Met_pos_1044,Met_pos_1841,0.04569119464081352,undirected
Met_pos_1044,Met_pos_203,0.049848575678407225,undirected
Met_pos_1044,Met_pos_216,0.020760989563168006,undirected
Met_pos_1044,Met_pos_235,0.021140490831112305,undirected
Met_pos_1044,Met_pos_2466,0.03084820795276482,undirected
Met_pos_1044,Met_pos_2480,0.034255229679639045,undirected
Met_pos_1044,Met_pos_2482,0.04699289014729453,undirected
Met_pos_1044,Met_pos_249,0.022404164273404248,undirected
Met_pos_1044,Met_pos_2493,0.04681363270484668,undirected
Met_pos_1044,Met_pos_264,0.04156701772872451,undirected
Met_pos_1044,Met_pos_2702,0.03084820795276482,undirected
Met_pos_1044,Met_pos_2707,0.02335204486852294,undirected
Met_pos_1047,Met_pos_1247,0.04590138032361496,undirected
Met_pos_1047,Met_pos_137,0.04613171393015072,undirected
Met_pos_1047,Met_pos_1796,0.023134042668093855,undirected
Met_pos_1047,Met_pos_1841,0.08298049555996384,undirected
Met_pos_1047,Met_pos_203,0.030896416814692147,undirected
Met_pos_1047,Met_pos_2159,0.03395449338746688,undirected
Met_pos_1047,Met_pos_2466,0.048715497926076164,undirected
Met_pos_1047,Met_pos_2480,0.07072002913828535,undirected
Met_pos_1047,Met_pos_2493,0.07935199965115504,undirected
Met_pos_1047,Met_pos_2702,0.048715497926076164,undirected
Met_pos_1047,Met_pos_2707,0.03691950985879929,undirected
Met_pos_1117,Met_pos_1142,0.025545282290166983,undirected
Met_pos_1117,Met_pos_1247,0.07944397550872355,undirected
Met_pos_1117,Met_pos_137,0.07002670824728831,undirected
Met_pos_1117,Met_pos_179,0.021762398964701647,undirected
Met_pos_1117,Met_pos_1796,0.03708306585183955,undirected
Met_pos_1117,Met_pos_1841,0.12534164563815495,undirected
Met_pos_1117,Met_pos_203,0.042974808533391556,undirected
Met_pos_1117,Met_pos_2159,0.04692020246170535,undirected
Met_pos_1117,Met_pos_235,0.02413251144051882,undirected
Met_pos_1117,Met_pos_2466,0.05344516695873662,undirected
Met_pos_1117,Met_pos_2480,0.09927434364822747,undirected
Met_pos_1117,Met_pos_2493,0.1177624971769433,undirected
Met_pos_1117,Met_pos_264,0.02333932887536573,undirected
Met_pos_1117,Met_pos_2702,0.05344516695873662,undirected
Met_pos_1117,Met_pos_2707,0.05147709564656839,undirected
Met_pos_1142,Met_pos_1247,0.0540533473183859,undirected
Met_pos_1142,Met_pos_137,0.05914735717939843,undirected
Met_pos_1142,Met_pos_1590,0.04929553812341828,undirected
Met_pos_1142,Met_pos_1684,0.027399838842700988,undirected
Met_pos_1142,Met_pos_1712,0.024687567217319455,undirected
Met_pos_1142,Met_pos_179,0.025373239582431525,undirected
Met_pos_1142,Met_pos_1796,0.09377025755500065,undirected
Met_pos_1142,Met_pos_1841,0.09322110032852543,undirected
Met_pos_1142,Met_pos_203,0.12532376954324648,undirected
Met_pos_1142,Met_pos_2159,0.028779337526210452,undirected
Met_pos_1142,Met_pos_235,0.03195107852253023,undirected
Met_pos_1142,Met_pos_2466,0.05467440230251818,undirected
Met_pos_1142,Met_pos_2480,0.07633676880600017,undirected
Met_pos_1142,Met_pos_249,0.03371079144689325,undirected
Met_pos_1142,Met_pos_2493,0.09085413874387933,undirected
Met_pos_1142,Met_pos_264,0.0605406982136534,undirected
Met_pos_1142,Met_pos_2702,0.05467440230251818,undirected
Met_pos_1142,Met_pos_2707,0.040832751675928175,undirected
Met_pos_1247,Met_pos_137,0.08696822740081962,undirected
Met_pos_1247,Met_pos_1460,0.03243936293723776,undirected
Met_pos_1247,Met_pos_1560,0.041285159380643366,undirected
Met_pos_1247,Met_pos_1590,0.03028175452902219,undirected
Met_pos_1247,Met_pos_1684,0.0330258403133208,undirected
Met_pos_1247,Met_pos_1712,0.035625966793782396,undirected
Met_pos_1247,Met_pos_1763,0.022063541612956598,undirected
Met_pos_1247,Met_pos_179,0.05902665058159841,undirected
Met_pos_1247,Met_pos_1796,0.06011066513543164,undirected
Met_pos_1247,Met_pos_1841,0.15660361166591005,undirected
Met_pos_1247,Met_pos_203,0.05606858766371285,undirected
Met_pos_1247,Met_pos_2159,0.06203157009286899,undirected
Met_pos_1247,Met_pos_216,0.026175562472492652,undirected
Met_pos_1247,Met_pos_2206,0.034692123408286674,undirected
Met_pos_1247,Met_pos_235,0.04225129462606058,undirected
Met_pos_1247,Met_pos_2371,0.036584543986953495,undirected
Met_pos_1247,Met_pos_239,0.02420434705555427,undirected
Met_pos_1247,Met_pos_2461,0.026729892776024375,undirected
Met_pos_1247,Met_pos_2466,0.06182162385136388,undirected
Met_pos_1247,Met_pos_2480,0.12877421247494747,undirected
Met_pos_1247,Met_pos_2482,0.02684789201204255,undirected
Met_pos_1247,Met_pos_249,0.06959358168228558,undirected
Met_pos_1247,Met_pos_2493,0.1453203841945807,undirected
Met_pos_1247,Met_pos_264,0.058253683140866715,undirected
Met_pos_1247,Met_pos_2702,0.06182162385136388,undirected
Met_pos_1247,Met_pos_2707,0.08667298346788771,undirected
Met_pos_137,Met_pos_146,0.029255851611972698,undirected
Met_pos_137,Met_pos_1460,0.03280642700059007,undirected
Met_pos_137,Met_pos_1560,0.08661242141420798,undirected
Met_pos_137,Met_pos_1590,0.03394389297687338,undirected
Met_pos_137,Met_pos_1684,0.031131759819018473,undirected
Met_pos_137,Met_pos_1712,0.05202494818887542,undirected
Met_pos_137,Met_pos_179,0.11987731155949694,undirected
Met_pos_137,Met_pos_1796,0.059863014493217806,undirected
Met_pos_137,Met_pos_1824,0.029255851611972698,undirected
Met_pos_137,Met_pos_1841,0.1664915339651842,undirected
Met_pos_137,Met_pos_1995,0.023450212786031745,undirected
Met_pos_137,Met_pos_203,0.055257966656808016,undirected
Met_pos_137,Met_pos_2159,0.04478315618031204,undirected
Met_pos_137,Met_pos_216,0.048219111854700195,undirected
Met_pos_137,Met_pos_2206,0.04271239410689438,undirected
Met_pos_137,Met_pos_235,0.042865647427258693,undirected
Met_pos_137,Met_pos_2371,0.03275419111240142,undirected
Met_pos_137,Met_pos_239,0.037920450527728494,undirected
Met_pos_137,Met_pos_2461,0.04166639869148148,undirected
Met_pos_137,Met_pos_2466,0.09179780798160911,undirected
Met_pos_137,Met_pos_2480,0.13052255439580196,undirected
Met_pos_137,Met_pos_2482,0.03864289277157536,undirected
Met_pos_137,Met_pos_249,0.06846106080258006,undirected
Met_pos_137,Met_pos_2493,0.1594777673528002,undirected
Met_pos_137,Met_pos_264,0.05402330373868439,undirected
Met_pos_137,Met_pos_2702,0.09179780798160911,undirected
Met_pos_137,Met_pos_2707,0.10102698387421755,undirected
Met_pos_1434,Met_pos_2482,0.02109516352953864,undirected
Met_pos_146,Met_pos_1824,0.34256461394463283,undirected
Met_pos_146,Met_pos_1841,0.02773507382203368,undirected
Met_pos_146,Met_pos_203,0.020161498026839458,undirected
Met_pos_146,Met_pos_2461,0.02077239222706543,undirected
Met_pos_146,Met_pos_2493,0.027420172230066733,undirected
Met_pos_1460,Met_pos_1796,0.023086174923217104,undirected
Met_pos_1460,Met_pos_1841,0.048197617646104265,undirected
Met_pos_1460,Met_pos_203,0.02690588078944824,undirected
Met_pos_1460,Met_pos_2466,0.02906287704227478,undirected
Met_pos_1460,Met_pos_2480,0.040833479475175155,undirected
Met_pos_1460,Met_pos_2493,0.05048953673481405,undirected
Met_pos_1460,Met_pos_2702,0.02906287704227478,undirected
Met_pos_1560,Met_pos_179,0.039765295192132004,undirected
Met_pos_1560,Met_pos_1796,0.024084688951389106,undirected
Met_pos_1560,Met_pos_1841,0.08861245641714108,undirected
Met_pos_1560,Met_pos_203,0.02760694805889084,undirected
Met_pos_1560,Met_pos_216,0.021273123661862396,undirected
Met_pos_1560,Met_pos_2466,0.06947750848643512,undirected
Met_pos_1560,Met_pos_2480,0.06480164208589362,undirected
Met_pos_1560,Met_pos_2493,0.08466486481388204,undirected
Met_pos_1560,Met_pos_2702,0.06947750848643512,undirected
Met_pos_1560,Met_pos_2707,0.04572522946334071,undirected
Met_pos_1590,Met_pos_1684,0.020777448042678122,undirected
Met_pos_1590,Met_pos_1796,0.05346019615222311,undirected
Met_pos_1590,Met_pos_1841,0.05164344626429319,undirected
Met_pos_1590,Met_pos_203,0.07107589586749898,undirected
Met_pos_1590,Met_pos_2466,0.038265107205816516,undirected
Met_pos_1590,Met_pos_2480,0.04316690384192045,undirected
Met_pos_1590,Met_pos_2493,0.05291888679383219,undirected
Met_pos_1590,Met_pos_264,0.03389049355059541,undirected
Met_pos_1590,Met_pos_2702,0.038265107205816516,undirected
Met_pos_1590,Met_pos_2707,0.02219879653895748,undirected
Met_pos_1684,Met_pos_1796,0.03603325990342431,undirected
Met_pos_1684,Met_pos_1841,0.04885592323229494,undirected
Met_pos_1684,Met_pos_203,0.04253451574726456,undirected
Met_pos_1684,Met_pos_2466,0.03161534283488291,undirected
Met_pos_1684,Met_pos_2480,0.03863866059688156,undirected
Met_pos_1684,Met_pos_2493,0.04697831941326421,undirected
Met_pos_1684,Met_pos_2702,0.03161534283488291,undirected
Met_pos_1684,Met_pos_2707,0.0226448149243753,undirected
Met_pos_1712,Met_pos_1796,0.03442967536936129,undirected
Met_pos_1712,Met_pos_1841,0.06892548124321327,undirected
Met_pos_1712,Met_pos_203,0.04322567114736664,undirected
Met_pos_1712,Met_pos_2159,0.020004841756675527,undirected
Met_pos_1712,Met_pos_2466,0.04340972086776471,undirected
Met_pos_1712,Met_pos_2480,0.0551680788209424,undirected
Met_pos_1712,Met_pos_2493,0.06970531899133389,undirected
Met_pos_1712,Met_pos_2702,0.04340972086776471,undirected
Met_pos_1712,Met_pos_2707,0.02963899668469772,undirected
Met_pos_1763,Met_pos_1841,0.03803698868895291,undirected
Met_pos_1763,Met_pos_2159,0.030646225226145136,undirected
Met_pos_1763,Met_pos_235,0.028334893057706347,undirected
Met_pos_1763,Met_pos_2480,0.033689959478639016,undirected
Met_pos_1763,Met_pos_2493,0.03601276924438144,undirected
Met_pos_179,Met_pos_1796,0.0325233002262912,undirected
Met_pos_179,Met_pos_1841,0.12355217289052137,undirected
Met_pos_179,Met_pos_203,0.03889231762918143,undirected
Met_pos_179,Met_pos_2159,0.02592934385800619,undirected
Met_pos_179,Met_pos_235,0.02155539447828992,undirected
Met_pos_179,Met_pos_2466,0.0721420315141458,undirected
Met_pos_179,Met_pos_2480,0.09316392536535356,undirected
Met_pos_179,Met_pos_249,0.02444519587119009,undirected
Met_pos_179,Met_pos_2493,0.11870918799438135,undirected
Met_pos_179,Met_pos_2702,0.0721420315141458,undirected
Met_pos_179,Met_pos_2707,0.07116403441419182,undirected
Met_pos_1796,Met_pos_1841,0.09940621013304961,undirected
Met_pos_1796,Met_pos_203,0.11276688157218488,undirected
Met_pos_1796,Met_pos_2159,0.03266165216964471,undirected
Met_pos_1796,Met_pos_235,0.031166045912573534,undirected
Met_pos_1796,Met_pos_239,0.022058387610784456,undirected
Met_pos_1796,Met_pos_2466,0.05001985788484915,undirected
Met_pos_1796,Met_pos_2480,0.07964844058553867,undirected
Met_pos_1796,Met_pos_2482,0.028329655649844875,undirected
Met_pos_1796,Met_pos_249,0.05454675943755921,undirected
Met_pos_1796,Met_pos_2493,0.09475815978684425,undirected
Met_pos_1796,Met_pos_264,0.08890530773755864,undirected
Met_pos_1796,Met_pos_2702,0.05001985788484915,undirected
Met_pos_1796,Met_pos_2707,0.045291385248344834,undirected
Met_pos_1824,Met_pos_1841,0.02773507382203368,undirected
Met_pos_1824,Met_pos_203,0.020161498026839458,undirected
Met_pos_1824,Met_pos_2461,0.02077239222706543,undirected
Met_pos_1824,Met_pos_2493,0.027420172230066733,undirected
Met_pos_1841,Met_pos_1995,0.03041717296191572,undirected
Met_pos_1841,Met_pos_203,0.09264727485467525,undirected
Met_pos_1841,Met_pos_2159,0.0960781287416581,undirected
Met_pos_1841,Met_pos_216,0.05312819980616172,undirected
Met_pos_1841,Met_pos_2206,0.06883217228378012,undirected
Met_pos_1841,Met_pos_235,0.07776264725241257,undirected
Met_pos_1841,Met_pos_2371,0.06251683817645239,undirected
Met_pos_1841,Met_pos_239,0.044650537874939146,undirected
Met_pos_1841,Met_pos_2461,0.047656819331726004,undirected
Met_pos_1841,Met_pos_2466,0.12162274947140798,undirected
Met_pos_1841,Met_pos_2480,0.15247121675783987,undirected
Met_pos_1841,Met_pos_2482,0.04798006068356581,undirected
Met_pos_1841,Met_pos_249,0.11240624973214354,undirected
Met_pos_1841,Met_pos_2493,0.15869509725430453,undirected
Met_pos_1841,Met_pos_264,0.09007049607857068,undirected
Met_pos_1841,Met_pos_2702,0.12162274947140798,undirected
Met_pos_1841,Met_pos_2707,0.15761476717876358,undirected
Met_pos_1995,Met_pos_2480,0.024438889432575165,undirected
Met_pos_1995,Met_pos_2493,0.031077977710078395,undirected
Met_pos_203,Met_pos_2159,0.030031433894504918,undirected
Met_pos_203,Met_pos_235,0.03781920517877545,undirected
Met_pos_203,Met_pos_2371,0.020838369859468877,undirected
Met_pos_203,Met_pos_239,0.028494282857928165,undirected
Met_pos_203,Met_pos_2466,0.052888318334028184,undirected
Met_pos_203,Met_pos_2480,0.0759297515248538,undirected
Met_pos_203,Met_pos_2482,0.032587689308996165,undirected
Met_pos_203,Met_pos_249,0.06122224587137471,undirected
Met_pos_203,Met_pos_2493,0.08859904167389221,undirected
Met_pos_203,Met_pos_264,0.10297067408931118,undirected
Met_pos_203,Met_pos_2702,0.052888318334028184,undirected
Met_pos_203,Met_pos_2707,0.04706392714764895,undirected
Met_pos_2159,Met_pos_2206,0.04051762219870816,undirected
Met_pos_2159,Met_pos_235,0.040607084518150795,undirected
Met_pos_2159,Met_pos_2466,0.035239462636510656,undirected
Met_pos_2159,Met_pos_2480,0.0865025983729609,undirected
Met_pos_2159,Met_pos_249,0.036542690733198456,undirected
Met_pos_2159,Met_pos_2493,0.08455347323985146,undirected
Met_pos_2159,Met_pos_264,0.02818400622538736,undirected
Met_pos_2159,Met_pos_2702,0.035239462636510656,undirected
Met_pos_2159,Met_pos_2707,0.04850157813800829,undirected
Met_pos_216,Met_pos_2466,0.028203479401368862,undirected
Met_pos_216,Met_pos_2480,0.04073184705754579,undirected
Met_pos_216,Met_pos_2493,0.05287046702281571,undirected
Met_pos_216,Met_pos_2702,0.028203479401368862,undirected
Met_pos_216,Met_pos_2707,0.027352255320998192,undirected
Met_pos_2206,Met_pos_2466,0.024574071080541823,undirected
Met_pos_2206,Met_pos_2480,0.059629989359325494,undirected
Met_pos_2206,Met_pos_2493,0.06374438158797174,undirected
Met_pos_2206,Met_pos_2702,0.024574071080541823,undirected
Met_pos_2206,Met_pos_2707,0.030940912227254706,undirected
Met_pos_235,Met_pos_2466,0.028275758110015356,undirected
Met_pos_235,Met_pos_2480,0.06459955779022081,undirected
Met_pos_235,Met_pos_2482,0.04145955973226494,undirected
Met_pos_235,Met_pos_249,0.023610315082656555,undirected
Met_pos_235,Met_pos_2493,0.07241131014694545,undirected
Met_pos_235,Met_pos_264,0.027341549181497345,undirected
Met_pos_235,Met_pos_2702,0.028275758110015356,undirected
Met_pos_235,Met_pos_2707,0.03453677649221532,undirected
Met_pos_2371,Met_pos_2466,0.031238038703024756,undirected
Met_pos_2371,Met_pos_2480,0.04741936167521389,undirected
Met_pos_2371,Met_pos_2493,0.06048230097589747,undirected
Met_pos_2371,Met_pos_2702,0.031238038703024756,undirected
Met_pos_2371,Met_pos_2707,0.02936290087742928,undirected
Met_pos_239,Met_pos_2466,0.05156225629815364,undirected
Met_pos_239,Met_pos_2480,0.03536836174297696,undirected
Met_pos_239,Met_pos_2493,0.04648929936946818,undirected
Met_pos_239,Met_pos_2702,0.05156225629815364,undirected
Met_pos_239,Met_pos_2707,0.020099173358928316,undirected
Met_pos_2461,Met_pos_2466,0.033909125082306105,undirected
Met_pos_2461,Met_pos_2480,0.036140406431973124,undirected
Met_pos_2461,Met_pos_2493,0.04546425357347384,undirected
Met_pos_2461,Met_pos_2702,0.033909125082306105,undirected
Met_pos_2461,Met_pos_2707,0.02763941584992023,undirected
Met_pos_2466,Met_pos_2480,0.10035065346838466,undirected
Met_pos_2466,Met_pos_2482,0.025844335201810512,undirected
Met_pos_2466,Met_pos_249,0.05564812320105004,undirected
Met_pos_2466,Met_pos_2493,0.12040946664433014,undirected
Met_pos_2466,Met_pos_264,0.04466092924068973,undirected
Met_pos_2466,Met_pos_2702,0.1251090879015915,undirected
Met_pos_2466,Met_pos_2707,0.06464584492811101,undirected
Met_pos_2480,Met_pos_2482,0.03551193848197505,undirected
Met_pos_2480,Met_pos_249,0.08650551882867465,undirected
Met_pos_2480,Met_pos_2493,0.1422532454399545,undirected
Met_pos_2480,Met_pos_264,0.07011425731491697,undirected
Met_pos_2480,Met_pos_2702,0.10035065346838466,undirected
Met_pos_2480,Met_pos_2707,0.12363481862884072,undirected
Met_pos_2482,Met_pos_2493,0.04929603798350758,undirected
Met_pos_2482,Met_pos_264,0.022038866987544075,undirected
Met_pos_2482,Met_pos_2702,0.025844335201810512,undirected
Met_pos_2482,Met_pos_2707,0.024278109317037295,undirected
Met_pos_249,Met_pos_2493,0.10367179692113232,undirected
Met_pos_249,Met_pos_264,0.04107180530850446,undirected
Met_pos_249,Met_pos_2702,0.05564812320105004,undirected
Met_pos_249,Met_pos_2707,0.05985278685777341,undirected
Met_pos_2493,Met_pos_264,0.08541890734150863,undirected
Met_pos_2493,Met_pos_2702,0.12040946664433014,undirected
Met_pos_2493,Met_pos_2707,0.1445008764514838,undirected
Met_pos_264,Met_pos_2702,0.04466092924068973,undirected
Met_pos_264,Met_pos_2707,0.045556587229705306,undirected
Met_pos_2702,Met_pos_2707,0.06464584492811101,undirected
